{"count":1,"self":47.897449599999995,"total":165.04338819999998,"children":{"InitializeActuators":{"count":6,"self":0.0019928999999999997,"total":0.0019928999999999997,"children":null},"InitializeSensors":{"count":6,"self":0.0019946,"total":0.0019946,"children":null},"AgentSendState":{"count":50167,"self":2.9654192,"total":11.5403753,"children":{"CollectObservations":{"count":100338,"self":0.53960029999999992,"total":0.53960029999999992,"children":null},"CollectDiscreteActionMasks":{"count":100338,"self":0.5215738,"total":0.5215738,"children":null},"RequestDecision":{"count":100338,"self":1.5630533,"total":7.5137819,"children":{"AgentInfo.ToProto":{"count":100338,"self":1.1702386,"total":5.9507286,"children":{"GenerateSensorData":{"count":100338,"self":1.4822682999999999,"total":4.7804899999999995,"children":{"RayPerceptionSensor.Perceive":{"count":100338,"self":3.2982215999999998,"total":3.2982217,"children":null}}}}}}}}},"DecideAction":{"count":50167,"self":104.50183039999999,"total":104.5018303,"children":null},"AgentAct":{"count":50167,"self":0.8963574,"total":0.8963574,"children":null},"AgentInfo.ToProto":{"count":2902,"self":0.038893899999999995,"total":0.1994013,"children":{"GenerateSensorData":{"count":2902,"self":0.044854899999999996,"total":0.1605074,"children":{"RayPerceptionSensor.Perceive":{"count":2902,"self":0.11565249999999999,"total":0.11565249999999999,"children":null}}}}}},"gauges":{"FlappyBird.CumulativeReward":{"count":2902,"max":76.89938,"min":-1.9,"runningAverage":2.36302447,"value":4.99999666,"weightedAverage":6.11994362}},"metadata":{"timer_format_version":"0.1.0","start_time_seconds":"1604528940","unity_version":"2019.4.8f1","command_line_arguments":"C:\\Program Files\\Unity\\Hub\\Editor\\2019.4.8f1\\Editor\\Unity.exe -projectPath C:\\Users\\Mega-Pc\\Desktop\\git-project\\AI-Game\\FlappyBird\\FlappyBird2D","communication_protocol_version":"1.2.0","com.unity.ml-agents_version":"1.5.0-preview","scene_name":"SampleScene","end_time_seconds":"1604529104"}}