{
    "name": "root",
    "metadata": {
        "timer_format_version": "0.1.0",
        "start_time_seconds": "1604446379",
        "python_version": "3.7.9 (default, Aug 31 2020, 17:10:11) [MSC v.1916 64 bit (AMD64)]",
        "command_line_arguments": "C:\\Users\\Mega-Pc\\Anaconda3\\envs\\Flappy_Bird_AI\\Scripts\\mlagents-learn C:\\Users\\Mega-Pc\\Desktop\\git-project\\AI-Game\\FlappyBird\\FlappyBird2D\\Assets\\Config\\FlappyBird.yaml --run-id=FlappyAI --force --train",
        "mlagents_version": "0.21.0",
        "mlagents_envs_version": "0.21.0",
        "communication_protocol_version": "1.2.0",
        "tensorflow_version": "2.3.1",
        "numpy_version": "1.18.5",
        "end_time_seconds": "1604446523"
    },
    "total": 143.7341825,
    "count": 1,
    "self": 0.005788800000004812,
    "children": {
        "run_training.setup": {
            "total": 0.006575400000000009,
            "count": 1,
            "self": 0.006575400000000009
        },
        "TrainerController.start_learning": {
            "total": 143.7218183,
            "count": 1,
            "self": 0.4702593999988949,
            "children": {
                "TrainerController._reset_env": {
                    "total": 7.177088399999999,
                    "count": 1,
                    "self": 7.177088399999999
                },
                "TrainerController.advance": {
                    "total": 135.49262530000107,
                    "count": 24218,
                    "self": 0.45909530000059817,
                    "children": {
                        "env_step": {
                            "total": 131.42149719999938,
                            "count": 24218,
                            "self": 118.55490849999859,
                            "children": {
                                "SubprocessEnvManager._take_step": {
                                    "total": 12.60195610000061,
                                    "count": 24218,
                                    "self": 0.5122973999988645,
                                    "children": {
                                        "TFPolicy.evaluate": {
                                            "total": 12.089658700001745,
                                            "count": 22641,
                                            "self": 12.089658700001745
                                        }
                                    }
                                },
                                "workers": {
                                    "total": 0.26463260000017996,
                                    "count": 24217,
                                    "self": 0.0,
                                    "children": {
                                        "worker_root": {
                                            "total": 136.33300840000126,
                                            "count": 24217,
                                            "is_parallel": true,
                                            "self": 34.93265010000067,
                                            "children": {
                                                "steps_from_proto": {
                                                    "total": 0.0004476000000002145,
                                                    "count": 1,
                                                    "is_parallel": true,
                                                    "self": 0.0001943000000004247,
                                                    "children": {
                                                        "_process_vector_observation": {
                                                            "total": 0.0002532999999997898,
                                                            "count": 4,
                                                            "is_parallel": true,
                                                            "self": 0.0002532999999997898
                                                        }
                                                    }
                                                },
                                                "UnityEnvironment.step": {
                                                    "total": 101.39991070000059,
                                                    "count": 24217,
                                                    "is_parallel": true,
                                                    "self": 1.730037100001212,
                                                    "children": {
                                                        "UnityEnvironment._generate_step_input": {
                                                            "total": 1.1799327000008448,
                                                            "count": 24217,
                                                            "is_parallel": true,
                                                            "self": 1.1799327000008448
                                                        },
                                                        "communicator.exchange": {
                                                            "total": 92.47436569999914,
                                                            "count": 24217,
                                                            "is_parallel": true,
                                                            "self": 92.47436569999914
                                                        },
                                                        "steps_from_proto": {
                                                            "total": 6.015575199999391,
                                                            "count": 24217,
                                                            "is_parallel": true,
                                                            "self": 2.981505499996386,
                                                            "children": {
                                                                "_process_vector_observation": {
                                                                    "total": 3.0340697000030055,
                                                                    "count": 96868,
                                                                    "is_parallel": true,
                                                                    "self": 3.0340697000030055
                                                                }
                                                            }
                                                        }
                                                    }
                                                }
                                            }
                                        }
                                    }
                                }
                            }
                        },
                        "trainer_advance": {
                            "total": 3.612032800001078,
                            "count": 24217,
                            "self": 0.41779699999989717,
                            "children": {
                                "process_trajectory": {
                                    "total": 3.194235800001181,
                                    "count": 24217,
                                    "self": 3.194235800001181
                                }
                            }
                        }
                    }
                },
                "trainer_threads": {
                    "total": 1.200000014023317e-06,
                    "count": 1,
                    "self": 1.200000014023317e-06
                },
                "TrainerController._save_models": {
                    "total": 0.581844000000018,
                    "count": 1,
                    "self": 0.006670200000002069,